{"train/box_loss": 0.94968, "train/cls_loss": 0.9504, "train/dfl_loss": 1.10997, "_timestamp": 1714455708.4976974, "lr/pg0": 0.008812, "lr/pg1": 0.008812, "lr/pg2": 0.008812, "metrics/precision(B)": 0.78568, "metrics/recall(B)": 0.77599, "metrics/mAP50(B)": 0.82567, "metrics/mAP50-95(B)": 0.61415, "val/box_loss": 0.98846, "val/cls_loss": 0.92587, "val/dfl_loss": 1.14034, "labels": {"_type": "image-file", "sha256": "028b6acb181235f857b534966d3ab5d8b3621ae50cecc7a38564b8e1f650fc28", "size": 227273, "path": "media/images/labels_1_028b6acb181235f857b5.jpg", "format": "jpg", "width": 1600, "height": 1600}, "train_batch0": {"_type": "image-file", "sha256": "9b69b2e26a97343f2e0002efd59ae222450976cd4bf57aa4ca6947f36f7346d7", "size": 647997, "path": "media/images/train_batch0_1_9b69b2e26a97343f2e00.jpg", "format": "jpg", "width": 1920, "height": 1920}, "train_batch1": {"_type": "image-file", "sha256": "78e420db6ba07c9224f7629e76b789e9487f15ab6c87319043268bf766431089", "size": 651672, "path": "media/images/train_batch1_1_78e420db6ba07c9224f7.jpg", "format": "jpg", "width": 1920, "height": 1920}, "train_batch2": {"_type": "image-file", "sha256": "57fda551a9f1dc1686a64c750b4e65369b57d4245d77fa984b07ceffda68d5bf", "size": 550155, "path": "media/images/train_batch2_1_57fda551a9f1dc1686a6.jpg", "format": "jpg", "width": 1920, "height": 1920}, "model/parameters": 2510414, "model/GFLOPs": 7.186, "model/speed_PyTorch(ms)": 0.778, "_runtime": 917.8180713653564, "_step": 14, "_wandb": {"runtime": 956}}